[
    {
        "prenom":"ali",
        "nom":"gator",
        "mail":"ali.gator@mail.wo",
        "motDePasse":"oui"
    },
    {
        "prenom":"Barack ",
        "nom":"Afritt",
        "mail":"barack.afritt@mail.wo",
        "motDePasse":"non"
    },
    {
        "prenom":"Cyril ",
        "nom":"Hique",
        "mail":"cyril.hique@mail.wo",
        "motDePasse":"non"
    },
    {
        "prenom":"Daisy",
        "nom":"Dyossi",
        "mail":"daisy.dyossi@mail.wo",
        "motDePasse":"non"
    },
    {
        "prenom":"Élie ",
        "nom":"Coptère",
        "mail":"elie.coptère@mail.wo",
        "motDePasse":"non"
    },
    {
        "prenom":"Fred ",
        "nom":"Voyage",
        "mail":"fred.voyage@mail.wo",
        "motDePasse":"non"
    },
    {
        "prenom":"Guy",
        "nom":"Yiotine",
        "mail":"guy.yiotine@mail.wo",
        "motDePasse":"non"
    },
    {
        "prenom":"Hans ",
        "nom":"Kim-Koncern",
        "mail":"Hans.kim-koncern@mail.wo",
        "motDePasse":"non"
    },
    {
        "prenom":"Irénée ",
        "nom":"Ledivinenfant",
        "mail":"Irénée.ledivinenfant@mail.wo",
        "motDePasse":"non"
    },
    {
        "prenom":"Julie",
        "nom":"Danstépensé",
        "mail":"Julie.danstépensé@mail.wo",
        "motDePasse":"non"
    }
]